<?xml version="1.0" encoding="UTF-8" standalone="no"?>
<root>
<name>mouseEmbryoHead</name>
<meta>
<pixelSizeX>134843.26433838592</pixelSizeX>
<pixelSizeY>134843.26433838592</pixelSizeY>
<pixelSizeZ>3.0089285714285716</pixelSizeZ>
<timeInterval>0</timeInterval>
<channelName0>red</channelName0>
<channelName1>green</channelName1>
<channelName2>blue</channelName2>
</meta>
<rois/>
<overlays/>
<lut>
<numChannel>3</numChannel>
<scaler0>
<cancross>false</cancross>
<integerdata>true</integerdata>
<absleftin>0</absleftin>
<absrightin>255</absrightin>
<leftin>0</leftin>
<rightin>255</rightin>
<leftout>0</leftout>
<rightout>255</rightout>
</scaler0>
<colormap0>
<name>Custom</name>
<enabled>true</enabled>
<type>RGB</type>
<red rawdata="false">
<point>
<index>0</index>
<value>0</value>
</point>
<point>
<index>255</index>
<value>255</value>
</point>
</red>
<green rawdata="false">
<point>
<index>0</index>
<value>0</value>
</point>
<point>
<index>255</index>
<value>0</value>
</point>
</green>
<blue rawdata="false">
<point>
<index>0</index>
<value>0</value>
</point>
<point>
<index>255</index>
<value>0</value>
</point>
</blue>
<gray rawdata="false">
<point>
<index>0</index>
<value>0</value>
</point>
<point>
<index>255</index>
<value>85</value>
</point>
</gray>
<alpha rawdata="false">
<point>
<index>0</index>
<value>255</value>
</point>
<point>
<index>255</index>
<value>255</value>
</point>
</alpha>
</colormap0>
<scaler1>
<cancross>false</cancross>
<integerdata>true</integerdata>
<absleftin>0</absleftin>
<absrightin>255</absrightin>
<leftin>0</leftin>
<rightin>255</rightin>
<leftout>0</leftout>
<rightout>255</rightout>
</scaler1>
<colormap1>
<name>Custom</name>
<enabled>true</enabled>
<type>RGB</type>
<red rawdata="false">
<point>
<index>0</index>
<value>0</value>
</point>
<point>
<index>255</index>
<value>0</value>
</point>
</red>
<green rawdata="false">
<point>
<index>0</index>
<value>0</value>
</point>
<point>
<index>255</index>
<value>255</value>
</point>
</green>
<blue rawdata="false">
<point>
<index>0</index>
<value>0</value>
</point>
<point>
<index>255</index>
<value>0</value>
</point>
</blue>
<gray rawdata="false">
<point>
<index>0</index>
<value>0</value>
</point>
<point>
<index>255</index>
<value>85</value>
</point>
</gray>
<alpha rawdata="false">
<point>
<index>0</index>
<value>255</value>
</point>
<point>
<index>255</index>
<value>255</value>
</point>
</alpha>
</colormap1>
<scaler2>
<cancross>false</cancross>
<integerdata>true</integerdata>
<absleftin>0</absleftin>
<absrightin>255</absrightin>
<leftin>0</leftin>
<rightin>255</rightin>
<leftout>0</leftout>
<rightout>255</rightout>
</scaler2>
<colormap2>
<name>Custom</name>
<enabled>true</enabled>
<type>RGB</type>
<red rawdata="false">
<point>
<index>0</index>
<value>0</value>
</point>
<point>
<index>255</index>
<value>0</value>
</point>
</red>
<green rawdata="false">
<point>
<index>0</index>
<value>0</value>
</point>
<point>
<index>255</index>
<value>0</value>
</point>
</green>
<blue rawdata="false">
<point>
<index>0</index>
<value>0</value>
</point>
<point>
<index>255</index>
<value>255</value>
</point>
</blue>
<gray rawdata="false">
<point>
<index>0</index>
<value>0</value>
</point>
<point>
<index>255</index>
<value>85</value>
</point>
</gray>
<alpha rawdata="false">
<point>
<index>0</index>
<value>255</value>
</point>
<point>
<index>255</index>
<value>255</value>
</point>
</alpha>
</colormap2>
</lut>
</root>
