{
        "pathToFPBioimage": "https://fpb.ceb.cam.ac.uk/4",
        "pathToImages": "./",
        "uniqueName": "confocal-series",
        "imagePrefix": "atlas_",
        "numberingFormat": "0000",
        "fileType": "png",
        "atlasMode": "true",
        "voxelSize": {"x": 0.05445500181716341, "y": 0.05445500181716341, "z": 0.05445500181716341},
        "numberOfImages": 25,
        "sliceWidth": 400, "sliceHeight": 400,
        "imageAlpha": "false",
        "opacity": 5.0,
        "intensity": 1.5, 
        "threshold": 0.05,
        "projection": 1
}
